,SOLAR,EOLICA,PCH
SOLAR,1.0,0.7992222202733438,0.7866337925158418
EOLICA,0.7992222202733438,1.0,0.9542166557789024
PCH,0.7866337925158418,0.9542166557789024,1.0
