,SOLAR,EOLICA,PCH
SOLAR,1.0,0.7857118940913632,0.7714437658107844
EOLICA,0.7857118940913632,1.0,0.9518537591879008
PCH,0.7714437658107844,0.9518537591879008,1.0
